{
  "accuracy": [
    0.12268518656492233,
    0.3670634925365448,
    0.6818783283233643,
    0.8872354626655579,
    0.9550264477729797,
    0.9907407164573669,
    0.9947090148925781,
    0.9973545074462891,
    0.9996693134307861,
    0.9983465671539307,
    1.0,
    1.0
  ],
  "loss": [
    2.6860153675079346,
    2.200355291366577,
    1.3386821746826172,
    0.6744378209114075,
    0.3600436747074127,
    0.18684707581996918,
    0.117975614964962,
    0.07838347554206848,
    0.05720018967986107,
    0.04870489239692688,
    0.03674265369772911,
    0.029584914445877075
  ],
  "val_accuracy": [
    0.1666666716337204,
    0.5654761791229248,
    0.8571428656578064,
    0.9553571343421936,
    0.9970238208770752,
    1.0,
    1.0,
    1.0,
    1.0,
    1.0,
    1.0,
    1.0
  ],
  "val_loss": [
    2.75758957862854,
    2.6920552253723145,
    2.498746395111084,
    2.175647258758545,
    1.8299140930175781,
    1.4640657901763916,
    1.0024551153182983,
    0.6084226965904236,
    0.2948280870914459,
    0.14083550870418549,
    0.0575905367732048,
    0.02914043515920639
  ],
  "learning_rate": [
    0.0003000000142492354,
    0.0003000000142492354,
    0.0003000000142492354,
    0.0003000000142492354,
    0.0003000000142492354,
    0.0003000000142492354,
    0.0003000000142492354,
    0.0003000000142492354,
    0.0003000000142492354,
    0.0003000000142492354,
    0.0003000000142492354,
    0.0003000000142492354
  ]
}