{
  "accuracy": 0.9952380952380953,
  "macro_f1": 0.9956381605840937,
  "classification_report": {
    "0": {
      "precision": 1.0,
      "recall": 1.0,
      "f1-score": 1.0,
      "support": 29.0
    },
    "1": {
      "precision": 0.9846153846153847,
      "recall": 1.0,
      "f1-score": 0.9922480620155039,
      "support": 64.0
    },
    "2": {
      "precision": 1.0,
      "recall": 1.0,
      "f1-score": 1.0,
      "support": 54.0
    },
    "3": {
      "precision": 0.993006993006993,
      "recall": 0.993006993006993,
      "f1-score": 0.993006993006993,
      "support": 143.0
    },
    "4": {
      "precision": 0.9876543209876543,
      "recall": 0.9876543209876543,
      "f1-score": 0.9876543209876543,
      "support": 81.0
    },
    "5": {
      "precision": 1.0,
      "recall": 1.0,
      "f1-score": 1.0,
      "support": 52.0
    },
    "6": {
      "precision": 1.0,
      "recall": 1.0,
      "f1-score": 1.0,
      "support": 77.0
    },
    "7": {
      "precision": 1.0,
      "recall": 0.9811320754716981,
      "f1-score": 0.9904761904761905,
      "support": 53.0
    },
    "8": {
      "precision": 1.0,
      "recall": 1.0,
      "f1-score": 1.0,
      "support": 40.0
    },
    "9": {
      "precision": 1.0,
      "recall": 0.972972972972973,
      "f1-score": 0.9863013698630136,
      "support": 37.0
    },
    "10": {
      "precision": 1.0,
      "recall": 1.0,
      "f1-score": 1.0,
      "support": 39.0
    },
    "11": {
      "precision": 0.9787234042553191,
      "recall": 1.0,
      "f1-score": 0.989247311827957,
      "support": 46.0
    },
    "12": {
      "precision": 1.0,
      "recall": 1.0,
      "f1-score": 1.0,
      "support": 46.0
    },
    "13": {
      "precision": 1.0,
      "recall": 1.0,
      "f1-score": 1.0,
      "support": 79.0
    },
    "accuracy": 0.9952380952380953,
    "macro avg": {
      "precision": 0.996000007347525,
      "recall": 0.9953404544599513,
      "f1-score": 0.9956381605840937,
      "support": 840.0
    },
    "weighted avg": {
      "precision": 0.9952817395370587,
      "recall": 0.9952380952380953,
      "f1-score": 0.9952352870157712,
      "support": 840.0
    }
  }
}