{
  "accuracy": [
    0.09093915671110153,
    0.24272486567497253,
    0.45965608954429626,
    0.6703042387962341,
    0.8098545074462891,
    0.8978174328804016,
    0.949404776096344,
    0.9751983880996704,
    0.9828042387962341,
    0.9874338507652283,
    0.992394208908081,
    0.9947090148925781,
    0.9957010746002197,
    0.9970238208770752
  ],
  "loss": [
    3.0114903450012207,
    2.3002207279205322,
    1.6348754167556763,
    1.0511418581008911,
    0.6810808777809143,
    0.4343923032283783,
    0.2927076518535614,
    0.2020905315876007,
    0.15046414732933044,
    0.11994808912277222,
    0.09254298359155655,
    0.07960318773984909,
    0.06389792263507843,
    0.055763814598321915
  ],
  "val_accuracy": [
    0.2678571343421936,
    0.5208333134651184,
    0.6964285969734192,
    0.8541666865348816,
    0.9732142686843872,
    0.988095223903656,
    0.9851190447807312,
    1.0,
    0.9970238208770752,
    1.0,
    1.0,
    1.0,
    1.0,
    1.0
  ],
  "val_loss": [
    2.560903787612915,
    2.3502602577209473,
    1.995959997177124,
    1.517900824546814,
    1.0037355422973633,
    0.5907626748085022,
    0.3317098915576935,
    0.12859734892845154,
    0.07791168987751007,
    0.041894543915987015,
    0.03750763460993767,
    0.02440890297293663,
    0.012692887336015701,
    0.010431529954075813
  ],
  "learning_rate": [
    0.0003000000142492354,
    0.0003000000142492354,
    0.0003000000142492354,
    0.0003000000142492354,
    0.0003000000142492354,
    0.0003000000142492354,
    0.0003000000142492354,
    0.0003000000142492354,
    0.0003000000142492354,
    0.0003000000142492354,
    0.0003000000142492354,
    0.0003000000142492354,
    0.0003000000142492354,
    0.0003000000142492354
  ]
}