{
  "accuracy": 0.99375,
  "macro_f1": 0.9932320518822472,
  "classification_report": {
    "0": {
      "precision": 1.0,
      "recall": 1.0,
      "f1-score": 1.0,
      "support": 24.0
    },
    "1": {
      "precision": 1.0,
      "recall": 1.0,
      "f1-score": 1.0,
      "support": 47.0
    },
    "2": {
      "precision": 1.0,
      "recall": 0.975,
      "f1-score": 0.9873417721518988,
      "support": 40.0
    },
    "3": {
      "precision": 1.0,
      "recall": 1.0,
      "f1-score": 1.0,
      "support": 78.0
    },
    "4": {
      "precision": 0.971830985915493,
      "recall": 1.0,
      "f1-score": 0.9857142857142858,
      "support": 69.0
    },
    "5": {
      "precision": 0.9795918367346939,
      "recall": 0.9795918367346939,
      "f1-score": 0.9795918367346939,
      "support": 49.0
    },
    "6": {
      "precision": 1.0,
      "recall": 1.0,
      "f1-score": 1.0,
      "support": 58.0
    },
    "7": {
      "precision": 1.0,
      "recall": 1.0,
      "f1-score": 1.0,
      "support": 38.0
    },
    "8": {
      "precision": 1.0,
      "recall": 1.0,
      "f1-score": 1.0,
      "support": 32.0
    },
    "9": {
      "precision": 1.0,
      "recall": 0.9629629629629629,
      "f1-score": 0.9811320754716981,
      "support": 27.0
    },
    "10": {
      "precision": 1.0,
      "recall": 0.96875,
      "f1-score": 0.9841269841269841,
      "support": 32.0
    },
    "11": {
      "precision": 0.975,
      "recall": 1.0,
      "f1-score": 0.9873417721518988,
      "support": 39.0
    },
    "12": {
      "precision": 1.0,
      "recall": 1.0,
      "f1-score": 1.0,
      "support": 37.0
    },
    "13": {
      "precision": 1.0,
      "recall": 1.0,
      "f1-score": 1.0,
      "support": 70.0
    },
    "accuracy": 0.99375,
    "macro avg": {
      "precision": 0.9947444873321561,
      "recall": 0.9918789142641184,
      "f1-score": 0.9932320518822472,
      "support": 640.0
    },
    "weighted avg": {
      "precision": 0.9938770906690142,
      "recall": 0.99375,
      "f1-score": 0.993745180068883,
      "support": 640.0
    }
  }
}